submission_ref,name,public_score,private_score
54220164,s001_xgb_te_beta106,0.94992,0.94995
54220213,s002_xgb_te_beta100,0.94970,0.95019
54220253,s003_xgb_te_beta108,0.95001,0.94979
54220286,s004_xgb_te_beta110,0.94990,0.94972
54220347,s005_lgbm_beta102,0.94939,0.94908
54220364,s006_xgb_te_beta1085,0.94998,0.94980
54220393,s007_blend_xgb80_lgbm20,0.94989,0.95003
54220424,s008_xgb_te_beta1075,0.94991,0.94985
54220463,s009_xgb_te_beta109,0.94990,0.94975
54220481,s010_xgb_te_beta1081,0.95001,0.94977
54251011,s011_vote_public_0_4,0.95025,0.95038
54251097,s012_vote_public_0_8,0.95034,0.95041
54251168,s013_vote_public_no7,0.95024,0.95040
54251274,s014_vote_public_no0,0.94987,0.95025
54251317,s015_vote_public_no1,0.95043,0.95042
54251364,s016_vote_public_no2,0.95035,0.95023
54251436,s017_vote_public_no3,0.95040,0.95048
54251480,s018_vote_public_no4,0.94992,0.95023
54251505,s018_vote_public_no4,0.94992,0.95023
54251545,s019_vote_public_no5,0.95017,0.95042
54292076,s020_anhad_hill_meta,0.95095,0.95030
54292311,s021_anhad_autonomous,0.95081,0.95026
54292441,s022_anhad_confidence,0.95094,0.95030
54292524,s023_anhad_single_95086,0.95086,0.95027
54292623,s024_public_95075,0.95075,0.95027
54292674,s025_public_95070,0.95070,0.95024
54292732,s026_anhad_single_95066,0.95066,0.95016
54292789,s027_anhad_single_95053,0.95053,0.95015
54292840,s028_anhad_single_95052,0.95024,0.95017
54292897,s029_vote_public_no1_no8,0.95039,0.95043
54317264,s035_vote_s020_s022_s023,0.95094,0.95030
54317335,s036_vote_top5_public,0.95096,0.95032
54317488,s055_danush_95101,0.95101,0.95045
54317534,s056_vote_danush_s020_s022,0.95095,0.95033
54317670,s063_flexon_external_lb_logit,0.95088,0.95034
54317711,s064_biohack_fusion,0.95058,0.95008
54317778,s070_vote_danushx3_s020_s022_s023_flexonlogit,0.95104,0.95038
54317852,s073_vote_danushx4_top3_flexon_s024,0.95104,0.95038
54317894,s072_vote_danushx4_top3_flexon_s021,0.95101,0.95039
54317936,s071_vote_danushx4_top3_flexon_baseer,0.95102,0.95042
54355224,s077_vote_danushx4_top3_flexon_hygiene,0.95101,0.95040
54355280,s079_vote_danushx4_top3_flexon_biohack,0.95103,0.95039
54355396,s084_vote_s070_s073_s071,0.95104,0.95037
54355551,s085_vote_s073_s070_s071_s072,0.95104,0.95038
54355592,s086_vote_s070_s073_s071_s072_s055,0.95102,0.95037
54355712,s087_vote_danushx4_top3_flexon_hgbccat_score,0.95101,0.95039
54355777,s088_vote_danushx4_top3_flexon_compcat,0.95102,0.95041
54355831,s089_vote_s070_s073_s071_s055,0.95106,0.95042
54355954,s104_vote_s089_s085_s071,0.95104,0.95041
54356005,s103_vote_s089_s084_s071,0.95104,0.95041
54379430,s119_vote_s089_s103_rung9,0.95106,0.95042
54379556,s118_vote_s089_s085_rung9,0.95106,0.95039
54379623,s109_vote_s089_rung9_s071,0.95104,0.95041
54379676,s112_vote_s089_busya_s073,0.95106,0.95041
54379731,s117_vote_s089_s084_rung9,0.95106,0.95039
54379795,s107_vote_s089_rung9_s070,0.95106,0.95039
54379824,s108_vote_s089_rung9_s073,0.95104,0.95039
54379900,s122_vote_s089_s085_busya,0.95104,0.95041
54379956,s100_vote_s089_s070_s073,0.95106,0.95038
54380013,s091_vote_danushx5_top3_flexon_t5,0.95107,0.95044
54410309,s127_amanatar_lb95112,0.95112,0.95039
54410432,s162_vote_s127_s093_stephen,0.95108,0.95045
54410505,s177_vote_s127_s090_stephen,0.95109,0.95041
54410572,s168_vote_s127_s094_stephen,0.95108,0.95044
54410645,s178_vote_s127_s090_tabpfn,0.95114,0.95038
54410767,s181_vote_s127_s098_tabpfn,0.95114,0.95044
54410806,s148_vote_s127_s091_tabpfn,0.95113,0.95043
54410900,s191_vote_s178_s181_subzerin,0.95114,0.95040
54410951,s196_vote_s178_s181_kenchan,0.95113,0.95041
54411005,s192_vote_s127_s178_subzerin,0.95115,0.95039
54457148,s201_vote_s178_s181_s127,0.95114,0.95039
54457163,s210_vote_s192_s181_s127,0.95115,0.95039
54457279,s214_vote_s192_s196_subzerin,0.95115,0.95040
54457390,s208_vote_s192_s181_subzerin,0.95115,0.95041
54457405,s206_vote_s192_s178_kenchan,0.95114,0.95039
54457443,s207_vote_s192_s178_s181,0.95114,0.95039
54457481,s216_vote_s192_s196_s194,0.95115,0.95040
54457506,s220_vote_s192_s148_s194,0.95115,0.95043
54457673,s217_vote_s192_s148_subzerin,0.95115,0.95041
54457774,s194_vote_s127_s181_subzerin,0.95115,0.95043
54482077,s236_vote_s192_s194_ichiro,0.95115,0.95040
54482123,s233_vote_s194_s220_ichiro,0.95115,0.95043
54482166,s225_vote_s192_s194_s205,0.95115,0.95041
54482243,s226_vote_s192_s200_subzerin,0.95115,0.95040
54482298,s230_vote_s194_s217_ichiro,0.95115,0.95040
54482339,s245_vote_s208_s220_roman,0.95115,0.95041
54482393,s244_vote_s216_s220_roman,0.95115,0.95040
54482428,s231_vote_s194_s220_roman,0.95115,0.95043
54482455,s240_vote_s192_s220_roman,0.95115,0.95040
54482490,s237_vote_s192_s217_roman,0.95115,0.95040
54513607,s247_vote_s217_s237_tgmath,0.95115,0.95040
54513732,s248_vote_s226_s237_tgmath,0.95115,0.95040
54513823,s249_vote_s192_s230_tgmath,0.95115,0.95040
54513871,s250_vote_s194_s216_tgmath,0.95115,0.95040
54513906,s251_vote_s148_s237_tgmath,0.95114,0.95041
54513958,s252_vote_s208_s237_tgmath,0.95115,0.95040
54514015,s253_vote_s220_s237_tgmath,0.95115,0.95040
54514073,s254_vote_s192_s226_tgmath,0.95115,0.95040
54514120,s255_vote_s192_s240_tgmath,0.95115,0.95039
54514176,s256_vote_s208_s240_tgmath,0.95115,0.95040
54571126,s257_s256_consensus8,0.95116,0.95040
54571208,s258_s192_consensus8,0.95116,0.95040
54571327,s259_s194_consensus8,0.95117,0.95043
54571408,s260_s233_consensus8,0.95116,0.95043
54571499,s261_s225_consensus8,0.95117,0.95041
54571601,s262_s231_consensus8,0.95116,0.95044
54571683,s263_s208_consensus8,0.95117,0.95041
54571745,s264_s250_consensus8,0.95116,0.95041
54571819,s265_s216_consensus8,0.95116,0.95041
54571911,s266_s245_consensus8,0.95116,0.95041
54594018,s267_top5_jeff_vote,0.95117,0.95041
54594066,s268_top3_s264_jeff_vote,0.95117,0.95041
54594130,s269_top4_s266_vote,0.95117,0.95041
54594170,s270_top3_s260_s266_vote,0.95117,0.95041
54594216,s271_top3_s260_jeff_vote,0.95117,0.95041
54594371,s272_top3_s260_s262_vote,0.95117,0.95043
54594511,s273_s259_s261_public_vote,0.95117,0.95043
54594604,s274_s259_s261_public_vote,0.95117,0.95043
54594657,s275_s259_s263_public_vote,0.95117,0.95043
54594720,s276_s259_s270_public_vote,0.95117,0.95043
54626648,s277_public_frontier_output,0.95112,0.95038
54626762,s278_s259_public_stable3,0.95116,0.95043
54626808,s279_s259_row768924,0.95116,0.95043
54626840,s280_s259_row965287,0.95117,0.95043
54626884,s281_s259_row977425,0.95117,0.95043
54626909,s282_s259_row736819,0.95117,0.95043
54626955,s283_s259_row832803,0.95117,0.95043
54627002,s284_s259_row916493,0.95116,0.95043
54627052,s285_s259_neutral4,0.95117,0.95043
54627093,s286_s285_row703735,0.95116,0.95043
54676456,s287_s259_public_overlay7,0.95117,0.95040
54676592,s288_s259_public_fit2,0.95117,0.95041
54676669,s289_s259_public_unhealthy5,0.95117,0.95042
54676743,s290_s259_row690753,0.95117,0.95044
54676892,s291_s285_public_pair2,0.95117,0.95040
54676959,s292_s291_public_overlay7,0.95117,0.95037
54677088,s293_s259_unhealthy4,0.95116,0.95045
54677156,s294_s259_row873194,0.95117,0.95043
54677229,s295_s259_row814970,0.95117,0.95045
54677304,s296_s259_unhealthy_pair2,0.95117,0.95045
54706284,s297_s259_row775083,0.95117,0.95041
54706348,s298_s259_rule_complete4,0.95117,0.95041
54706424,s299_s259_rule_complete14,0.95110,0.95042
54706504,s300_s259_row944726,0.95117,0.95044
54706571,s301_s259_row733197,0.95117,0.95043
54706629,s302_s259_row920406,0.95117,0.95043
54706677,s303_s259_row799109,0.95117,0.95044
54706851,s304_s259_h6_anchor_supported,0.95117,0.95041
54706908,s305_s259_a3_novel_core,0.95107,0.95044
54706982,s306_s259_row722968,0.95107,0.95043
54748498,s307_s304_safe_pair2,0.95117,0.95041
54748655,s308_s259_row862562,0.95117,0.95043
54748692,s309_s259_row905379,0.95117,0.95043
54748722,s310_s259_row774084,0.95116,0.95043
54748783,s311_s259_row981701,0.95117,0.95043
54748838,s312_s259_row862948,0.95117,0.95043
54748862,s313_s259_row765328,0.95116,0.95043
54748900,s314_s259_row919080,0.95117,0.95043
54748984,s315_s259_row797049,0.95117,0.95043
54749110,s316_s259_row862388,0.95117,0.95043
54790708,s317_artkomissar_public_95245,0.95245,0.95020
54790977,s318_s317_hikari_fit_u0_100,0.95229,0.95018
54791115,s319_s317_hikari_unh_u0_100,0.95236,0.95017
54791255,s320_s317_signal_frontier_r51_981699,0.95245,0.95020
54791334,s321_s317_signal_frontier_r52_893883,0.95245,0.95020
54791430,s322_s317_stable_frontier_r2_838243,0.95245,0.95020
54791567,s323_s317_stable_xgb_729644,0.95245,0.95020
54791609,s324_s317_kai_stable_xgb_865017,0.95245,0.95020
54791658,s325_s317_kai_stable_xgb_764771,0.95245,0.95020
54791769,s326_s317_signal_xgb_r54_728116,0.95245,0.95020
54797590,s327_s317_dual_oof_flexon_kenchan_760802,0.95245,0.95020
54797686,s328_s317_dual_oof_consensus_728126,0.95245,0.95020
54797847,s329_incumbent_dual_oof_715686,0.95245,0.95020
54797868,s330_incumbent_dual_oof_840403,0.95245,0.95020
54797887,s331_incumbent_dual_oof_753026,0.95245,0.95020
54797919,s332_incumbent_dual_oof_730220,0.95245,0.95020
54797936,s333_incumbent_dual_oof_926246,0.95245,0.95020
54797958,s334_incumbent_dual_oof_818257,0.95245,0.95020
54797979,s335_incumbent_dual_oof_878268,0.95238,0.95020
54797996,s336_incumbent_dual_oof_891394,0.95246,0.95020
54819400,s337_incumbent_oof_917214,0.95246,0.95020
54819425,s338_incumbent_oof_802648,0.95246,0.95020
54819442,s339_incumbent_oof_884567,0.95246,0.95022
54819583,s340_incumbent_oof_906616,0.95246,0.95020
54819603,s341_incumbent_oof_720890,0.95246,0.95020
54819624,s342_incumbent_oof_819218,0.95245,0.95020
54819636,s343_incumbent_oof_921756,0.95246,0.95020
54819660,s344_incumbent_oof_692753,0.95246,0.95020
54819673,s345_incumbent_oof_807652,0.95246,0.95020
54819697,s346_incumbent_oof_697976,0.95246,0.95020
54843613,s347_joseph_compact_95256,0.95256,0.95019
54843742,s348_joseph_oof_977522,0.95256,0.95018
54843768,s349_joseph_oof_781762,0.95256,0.95019
54843813,s350_joseph_oof_774408,0.95256,0.95018
54843835,s351_joseph_oof_704352,0.95256,0.95019
54843854,s352_joseph_oof_812959,0.95256,0.95019
54843875,s353_joseph_oof_854107,0.95256,0.95019
54843890,s354_joseph_oof_764995,0.95256,0.95018
54843915,s355_joseph_oof_798390,0.95256,0.95019
54843942,s356_joseph_oof_691680,0.95256,0.95018
54865470,s357_joseph_oof_946774,0.95256,0.95019
54865513,s358_joseph_oof_848796,0.95256,0.95019
54865632,s359_joseph_oof_819332,0.95256,0.95018
54865663,s360_joseph_oof_782920,0.95256,0.95016
54865701,s361_joseph_oof_864876,0.95256,0.95018
54865734,s362_joseph_oof_721986,0.95256,0.95019
54865771,s363_joseph_oof_928152,0.95256,0.95018
54865798,s364_joseph_oof_920611,0.95256,0.95019
54865820,s365_joseph_oof_947182,0.95256,0.95018
54865846,s366_joseph_oof_771692,0.95256,0.95019
54891608,s367_oof_bundle_bundle_714159_891801_732124,0.95256,0.95018
54891628,s368_oof_bundle_bundle_765608_734903_833867,0.95256,0.95019
54891643,s369_oof_bundle_bundle_714159_891801_732124_765608,0.95256,0.95018
54891661,s370_oof_bundle_bundle_732124_765608_734903_833867,0.95256,0.95018
54891692,s371_oof_bundle_bundle_714159_891801_732124_765608_734903,0.95256,0.95018
54891714,s372_oof_bundle_bundle_714159_891801_765608_734903_833867,0.95256,0.95018
54891742,s373_oof_bundle_bundle_714159_891801_732124_765608_734903_833867,0.95256,0.95018
54891756,s374_oof_bundle_bundle_714159_891801_734903,0.95256,0.95018
54891787,s375_joseph_oof_714159,0.95256,0.95018
54891804,s376_joseph_oof_891801,0.95256,0.95019
54919369,s377_public_art_v6_95264,0.95264,0.95018
54919641,s378_oof_bundle_lucifer_aru_k08,0.95263,0.95017
54920648,s379_marginal_793885_to_unhealthy,0.95264,0.95018
54920924,s380_marginal_764134_to_unhealthy,0.95264,0.95018
54921065,s381_marginal_947304_to_unhealthy,0.95264,0.95018
54921174,s382_marginal_859551_to_unhealthy,0.95264,0.95018
54921384,s383_marginal_843846_to_unhealthy,0.95264,0.95018
54921600,s384_marginal_910039_to_unhealthy,0.95264,0.95018
54921725,s385_marginal_980396_to_unhealthy,0.95264,0.95018
54921835,s386_marginal_768753_to_unhealthy,0.95264,0.95018
54938859,s387_public_art_v7_95264,0.95264,0.95022
54938944,s388_art_v7_ablation_878262_fit,0.95264,0.95020
54939024,s389_art_v7_ablation_884567_unhealthy,0.95264,0.95019
54939177,s390_complete_rule_consensus_u2r_k08,0.95265,0.95019
54939243,s391_complete_rule_consensus_u2r_k16,0.95265,0.95018
54939290,s392_complete_rule_consensus_u2r_k16b,0.95266,0.95020
54939366,s393_complete_rule_consensus_u2r_k24,0.95266,0.95019
54939440,s394_complete_rule_consensus_u2r_k24c,0.95259,0.95021
54939483,s395_failed_bundle_high_margin_k04,0.95259,0.95021
54939626,s396_failed_bundle_clean_pair_k02,0.95266,0.95020
54970349,s397_public_anhad_v7_95267,0.95267,0.95020
54970483,s398_anhad_v7_plus_clean_pair_k02,0.95267,0.95020
54970596,s399_anhad_v7_restore_core_trio_k03,0.95267,0.95021
54970720,s400_public_aled_v3_95268,0.95268,0.95021
54970858,s401_aled_d3_restore_t7_ablation_k10,0.95268,0.95022
54970919,s402_aled_t7_ablation_k07,0.95268,0.95022
54970965,s403_aled_fit_recovery_729644,0.95268,0.95021
54971031,s404_aled_unhealthy_recovery_n3,0.95268,0.95020
54971086,s405_aled_u2a_690904,0.95268,0.95021
54971168,s406_aled_f2a_837342,0.95268,0.95021
54995817,s407_public_aled_v4_95272,0.95272,0.95022
54996082,s408_aled_v4_ablate_881611,0.95272,0.95022
54996130,s409_aled_v4_ablate_807219,0.95272,0.95022
54996180,s410_aled_v4_ablate_831925,0.95272,0.95022
54996227,s411_aled_v4_ablate_860529,0.95272,0.95022
54996285,s412_aled_v4_ablate_820839,0.95272,0.95022
54996349,s413_aled_v4_f2a_981746,0.95262,0.95022
54996392,s414_aled_v4_ablate_701976,0.95272,0.95022
54996462,s415_aled_v4_ablate_902307,0.95272,0.95022
54996756,s416_aled_v4_ablate_813878,0.95272,0.95022
55023393,s417_public_art_latest_95273,0.95273,0.95023
55023854,s418_art_ablate_925312,0.95273,0.95022
55023953,s419_art_ablate_817401,0.95272,0.95023
55024056,s420_danush_u2a_968206,0.95273,0.95023
55024155,s421_danush_u2a_853509,0.95273,0.95023
55024268,s422_danush_u2a_778347,0.95273,0.95023
55024374,s423_danush_u2a_942726,0.95273,0.95021
55024466,s424_danush_u2a_703659,0.95273,0.95023
55024574,s425_danush_u2a_974683,0.95273,0.95023
55024674,s426_boundary_a2u_829168,0.95273,0.95022
55043009,s427_public_rayk_verified_95275,0.95275,0.95023
55043134,s428_rayk_ablate_892445,0.95275,0.95023
55043189,s429_rayk_ablate_731125,0.95275,0.95025
55043250,s430_rayk_ablate_744702,0.95274,0.95023
55043286,s431_rayk_ablate_762588,0.95274,0.95023
55043396,s432_danush_u2a_823898,0.95275,0.95023
55043462,s433_danush_u2a_742088,0.95275,0.95023
55043499,s434_danush_f2a_720864,0.95275,0.95023
55043534,s435_danush_f2a_903930,0.95275,0.95023
55043569,s436_rule_u2a_982839,0.95275,0.95023
55097257,s437_public_danush_v7_95288,0.95288,0.95022
55097495,s438_art_u2a_833325,0.95288,0.95022
55097538,s439_art_u2a_779493,0.95288,0.95022
55097582,s440_inverse_a2u_958727,0.95288,0.95022
55097625,s441_inverse_a2u_946833,0.95288,0.95022
55097668,s442_art_f2a_913483,0.95288,0.95022
55097713,s443_art_f2a_982288,0.95288,0.95022
55097758,s444_inverse_a2u_757687,0.95288,0.95022
55097911,s445_aled_raw_supported_4,0.95288,0.95023
55097979,s446_art_u2a_792297,0.95288,0.95022
55123364,s447_public_art_v14_95289,0.95289,0.95026
55123520,s448_fit_965778,0.95289,0.95029
55123573,s449_unhealthy_735608,0.95289,0.95026
55123627,s450_unhealthy_697845,0.95288,0.95026
55123729,s451_art_restore_895917,0.95289,0.95026
